{"cameraMode":{"drawMode":0,"name":"Shaded","section":"Shading Mode"},"sceneLighting":true,"audioPlay":false,"sceneViewState":{"m_AlwaysRefresh":false,"showFog":true,"showSkybox":true,"showFlares":true,"showImageEffects":true,"showParticleSystems":true,"showVisualEffectGraphs":true,"m_FxEnabled":true},"in2DMode":false,"pivot":{"x":11.577816009521485,"y":7.033444881439209,"z":-19.960662841796876},"rotation":{"x":-0.04138725623488426,"y":0.9378870725631714,"z":0.12023159116506577,"w":0.32282018661499026},"size":10.015005111694336,"orthographic":false}