{"cameraMode":{"drawMode":0,"name":"Shaded","section":"Shading Mode"},"sceneLighting":true,"audioPlay":false,"sceneViewState":{"m_AlwaysRefresh":false,"showFog":true,"showSkybox":true,"showFlares":true,"showImageEffects":true,"showParticleSystems":true,"showVisualEffectGraphs":true,"m_FxEnabled":true},"in2DMode":false,"pivot":{"x":11.541945457458496,"y":0.224328875541687,"z":-13.345453262329102},"rotation":{"x":0.015077922493219376,"y":0.8988666534423828,"z":-0.03102308139204979,"w":0.4368637502193451},"size":10.00749397277832,"orthographic":false}