{"cameraMode":{"drawMode":0,"name":"Shaded","section":"Shading Mode"},"sceneLighting":true,"audioPlay":false,"sceneViewState":{"m_AlwaysRefresh":false,"showFog":true,"showSkybox":true,"showFlares":true,"showImageEffects":true,"showParticleSystems":true,"showVisualEffectGraphs":true,"m_FxEnabled":true},"in2DMode":false,"pivot":{"x":3.1926779747009279,"y":0.7972176671028137,"z":-1.9586684703826905},"rotation":{"x":-0.09314177185297013,"y":-0.43583929538726809,"z":0.045415520668029788,"w":-0.894050657749176},"size":2.0364675521850588,"orthographic":false}