{"cameraMode":{"drawMode":0,"name":"Shaded","section":"Shading Mode"},"sceneLighting":true,"audioPlay":false,"sceneViewState":{"m_AlwaysRefresh":false,"showFog":true,"showSkybox":true,"showFlares":true,"showImageEffects":true,"showParticleSystems":true,"showVisualEffectGraphs":true,"m_FxEnabled":true},"in2DMode":false,"pivot":{"x":3.209031581878662,"y":1.9716812372207642,"z":0.009697675704956055},"rotation":{"x":-0.0036969224456697704,"y":-0.9927074909210205,"z":0.031588684767484668,"w":-0.11638547480106354},"size":2.034940242767334,"orthographic":false}